-- MySQL dump 10.13  Distrib 8.0.18, for Linux (x86_64)
--
-- Host: localhost    Database: upms
-- ------------------------------------------------------
-- Server version	8.0.18

/*!40101 SET @OLD_CHARACTER_SET_CLIENT=@@CHARACTER_SET_CLIENT */;
/*!40101 SET @OLD_CHARACTER_SET_RESULTS=@@CHARACTER_SET_RESULTS */;
/*!40101 SET @OLD_COLLATION_CONNECTION=@@COLLATION_CONNECTION */;
/*!50503 SET NAMES utf8 */;
/*!40103 SET @OLD_TIME_ZONE=@@TIME_ZONE */;
/*!40103 SET TIME_ZONE='+00:00' */;
/*!40014 SET @OLD_UNIQUE_CHECKS=@@UNIQUE_CHECKS, UNIQUE_CHECKS=0 */;
/*!40014 SET @OLD_FOREIGN_KEY_CHECKS=@@FOREIGN_KEY_CHECKS, FOREIGN_KEY_CHECKS=0 */;
/*!40101 SET @OLD_SQL_MODE=@@SQL_MODE, SQL_MODE='NO_AUTO_VALUE_ON_ZERO' */;
/*!40111 SET @OLD_SQL_NOTES=@@SQL_NOTES, SQL_NOTES=0 */;

--
-- Dumping data for table `t_upms_resources`
--

LOCK TABLES `t_upms_resources` WRITE;
/*!40000 ALTER TABLE `t_upms_resources` DISABLE KEYS */;
INSERT INTO `t_upms_resources` VALUES (748870809207963649,NULL,NULL,_binary '','2020-09-25 22:08:05.977000',677258679900176384,2,'SYSTEM_SETTINGS','系统设置',0,'系统设置',1,_binary '',0,NULL,0,_binary ''),(748870809207963658,NULL,NULL,_binary '','2020-09-24 19:50:56.827000',677258679900176384,2,'SYSTEM_SETTINGS_RESOURCES','资源管理',748870809207963649,'资源管理',1,_binary '',1,'/resources',1,_binary ''),(748870809207963748,NULL,NULL,_binary '','2020-09-24 19:51:05.803000',677258679900176384,2,'SYSTEM_SETTINGS_USER','用户管理',748870809207963649,'用户管理',1,_binary '',1,'/user',0,_binary ''),(758777405442621440,'2020-09-24 19:50:30.858000',677258679900176384,_binary '\0','2020-09-26 08:16:23.158000',677258679900176384,1,'SYSTEM_SETTINGS_ROLE','角色管理',748870809207963649,NULL,1,_binary '',1,'/role',2,_binary ''),(758778081316962304,'2020-09-24 19:53:12.001000',677258679900176384,_binary '\0','2020-09-28 16:40:37.197000',677258679900176384,5,'SYSTEM_SETTINGS_PARAMETER','参数配置',748870809207963649,NULL,1,_binary '',1,'/parameter',3,_binary ''),(759716995376611328,'2020-09-27 10:04:06.556000',677258679900176384,_binary '\0','2020-09-27 10:04:20.087000',677258679900176384,1,'SYSTEM_SETTINGS_DEPARTMENT','部门管理',748870809207963649,NULL,1,_binary '',1,'/department',4,_binary ''),(761533870955823104,'2020-10-02 10:23:43.451000',677258679900176384,_binary '\0','2020-10-04 08:16:31.966000',677258679900176384,1,'SYSTEM_SETTINGS_OAUTH2_CLIENT','客户端管理',748870809207963649,NULL,1,_binary '',1,'/oauth/client',5,_binary ''),(762267086364868608,'2020-10-04 10:57:15.625000',677258679900176384,_binary '\0',NULL,NULL,0,'SYSTEM_SETTINGS_USER_LIST','列表',748870809207963748,NULL,1,_binary '',2,NULL,0,_binary ''),(762267786276765696,'2020-10-04 11:00:02.499000',677258679900176384,_binary '\0',NULL,NULL,0,'SYSTEM_SETTINGS_USER_ADD','新增',748870809207963748,NULL,1,_binary '',2,NULL,1,_binary ''),(762267864001413120,'2020-10-04 11:00:21.030000',677258679900176384,_binary '\0',NULL,NULL,0,'SYSTEM_SETTINGS_USER_DELETE','删除',748870809207963748,NULL,1,_binary '',2,NULL,2,_binary ''),(762267948692799488,'2020-10-04 11:00:41.222000',677258679900176384,_binary '\0',NULL,NULL,0,'SYSTEM_SETTINGS_USER_UPDATE','修改',748870809207963748,NULL,1,_binary '',2,NULL,3,_binary ''),(762320094821875712,'2020-10-04 14:27:53.827000',677258679900176384,_binary '\0',NULL,NULL,0,'SYSTEM_SETTINGS_ROLE_LIST','列表',758777405442621440,NULL,1,_binary '',2,NULL,0,_binary ''),(762321279301713920,'2020-10-04 14:32:36.229000',677258679900176384,_binary '\0',NULL,NULL,0,'SYSTEM_SETTINGS_ROLE_ADD','添加',758777405442621440,NULL,1,_binary '',2,NULL,1,_binary ''),(762321359593275392,'2020-10-04 14:32:55.372000',677258679900176384,_binary '\0',NULL,NULL,0,'SYSTEM_SETTINGS_ROLE_UPDATE','修改',758777405442621440,NULL,1,_binary '',2,NULL,2,_binary ''),(762321433807290368,'2020-10-04 14:33:13.066000',677258679900176384,_binary '\0',NULL,NULL,0,'SYSTEM_SETTINGS_ROLE_DELETE','删除',758777405442621440,NULL,1,_binary '',2,NULL,3,_binary ''),(762321550052425728,'2020-10-04 14:33:40.781000',677258679900176384,_binary '\0',NULL,NULL,0,'SYSTEM_SETTINGS_ROLE_RESOURCES','角色权限',758777405442621440,NULL,1,_binary '',2,NULL,4,_binary ''),(762321624610373632,'2020-10-04 14:33:58.558000',677258679900176384,_binary '\0',NULL,NULL,0,'SYSTEM_SETTINGS_ROLE_USER','角色用户',758777405442621440,NULL,1,_binary '',2,NULL,6,_binary ''),(762323506833653760,'2020-10-04 14:41:27.315000',677258679900176384,_binary '\0',NULL,NULL,0,'SYSTEM_SETTINGS_RESOURCES_LIST','列表',748870809207963658,NULL,1,_binary '',2,NULL,0,_binary ''),(762323957167685632,'2020-10-04 14:43:14.683000',677258679900176384,_binary '\0',NULL,NULL,0,'SYSTEM_SETTINGS_RESOURCES_ADD','新增',748870809207963658,NULL,1,_binary '',2,NULL,1,_binary ''),(762331663542779904,'2020-10-04 15:13:52.026000',677258679900176384,_binary '\0',NULL,NULL,0,'SYSTEM_SETTINGS_RESOURCES_UPDATE','修改',748870809207963658,NULL,1,_binary '',2,NULL,2,_binary ''),(762331729519181824,'2020-10-04 15:14:07.641000',677258679900176384,_binary '\0',NULL,NULL,0,'SYSTEM_SETTINGS_RESOURCES_DELETE','删除',748870809207963658,NULL,1,_binary '',2,NULL,3,_binary ''),(762332260237049856,'2020-10-04 15:16:14.288000',677258679900176384,_binary '\0',NULL,NULL,0,'SYSTEM_SETTINGS_DEPARTMENT_LIST','列表',759716995376611328,NULL,1,_binary '',2,NULL,0,_binary ''),(762332340763492352,'2020-10-04 15:16:33.488000',677258679900176384,_binary '\0',NULL,NULL,0,'SYSTEM_SETTINGS_DEPARTMENT_ADD','新增',759716995376611328,NULL,1,_binary '',2,NULL,1,_binary ''),(762332395314610176,'2020-10-04 15:16:46.494000',677258679900176384,_binary '\0',NULL,NULL,0,'SYSTEM_SETTINGS_DEPARTMENT_UPDATE','修改',759716995376611328,NULL,1,_binary '',2,NULL,2,_binary ''),(762332448146063360,'2020-10-04 15:16:59.090000',677258679900176384,_binary '\0',NULL,NULL,0,'SYSTEM_SETTINGS_DEPARTMENT_DELETE','删除',759716995376611328,NULL,1,_binary '',2,NULL,3,_binary ''),(762332511794626560,'2020-10-04 15:17:14.265000',677258679900176384,_binary '\0',NULL,NULL,0,'SYSTEM_SETTINGS_DEPARTMENT_USER','部门用户',759716995376611328,NULL,1,_binary '',2,NULL,4,_binary ''),(762333234221547520,'2020-10-04 15:20:06.505000',677258679900176384,_binary '\0',NULL,NULL,0,'SYSTEM_SETTINGS_PARAMETER_LIST','列表',758778081316962304,NULL,1,_binary '',2,NULL,0,_binary ''),(762333317369430016,'2020-10-04 15:20:26.329000',677258679900176384,_binary '\0',NULL,NULL,0,'SYSTEM_SETTINGS_PARAMETER_ADD','新增',758778081316962304,NULL,1,_binary '',2,NULL,1,_binary ''),(762333385396846592,'2020-10-04 15:20:42.548000',677258679900176384,_binary '\0',NULL,NULL,0,'SYSTEM_SETTINGS_PARAMETER_UPDATE','修改',758778081316962304,NULL,1,_binary '',2,NULL,2,_binary ''),(762333462710452224,'2020-10-04 15:21:00.980000',677258679900176384,_binary '\0',NULL,NULL,0,'SYSTEM_SETTINGS_PARAMETER_DELETE','删除',758778081316962304,NULL,1,_binary '',2,NULL,3,_binary ''),(762333869264338944,'2020-10-04 15:22:37.911000',677258679900176384,_binary '\0',NULL,NULL,0,'SYSTEM_SETTINGS_OAUTH2_CLIENT_LIST','列表',761533870955823104,NULL,1,_binary '',2,NULL,0,_binary ''),(762333945156075520,'2020-10-04 15:22:56.005000',677258679900176384,_binary '\0',NULL,NULL,0,'SYSTEM_SETTINGS_OAUTH2_CLIENT_ADD','新增',761533870955823104,NULL,1,_binary '',2,NULL,1,_binary ''),(762334013233823744,'2020-10-04 15:23:12.236000',677258679900176384,_binary '\0',NULL,NULL,0,'SYSTEM_SETTINGS_OAUTH2_CLIENT_UPDATE','修改',761533870955823104,NULL,1,_binary '',2,NULL,2,_binary ''),(762334102035628032,'2020-10-04 15:23:33.408000',677258679900176384,_binary '\0',NULL,NULL,0,'SYSTEM_SETTINGS_OAUTH2_CLIENT_DELETE','删除',761533870955823104,NULL,1,_binary '',2,NULL,3,_binary '');
/*!40000 ALTER TABLE `t_upms_resources` ENABLE KEYS */;
UNLOCK TABLES;

--
-- Dumping data for table `t_upms_role`
--

LOCK TABLES `t_upms_role` WRITE;
/*!40000 ALTER TABLE `t_upms_role` DISABLE KEYS */;
INSERT INTO `t_upms_role` VALUES (748870809207963609,NULL,NULL,'2020-09-25 15:16:32.444000',677258679900176384,'admin','管理员','管理员',_binary '',1,_binary '',_binary '',1),(759054974880579584,'2020-09-25 14:13:28.569000',677258679900176384,'2020-09-25 15:15:27.836000',677258679900176384,'super_admin','超级管理员','管理员',_binary '',5,_binary '',_binary '',1);
/*!40000 ALTER TABLE `t_upms_role` ENABLE KEYS */;
UNLOCK TABLES;

--
-- Dumping data for table `t_upms_role_resources`
--

LOCK TABLES `t_upms_role_resources` WRITE;
/*!40000 ALTER TABLE `t_upms_role_resources` DISABLE KEYS */;
INSERT INTO `t_upms_role_resources` VALUES (762342372351672320,'2020-10-04 15:56:25.205000',677258679900176384,_binary '\0',NULL,NULL,NULL,748870809207963649,759054974880579584,_binary ''),(762342372385226752,'2020-10-04 15:56:25.213000',677258679900176384,_binary '\0',NULL,NULL,NULL,748870809207963748,759054974880579584,_binary ''),(762342372418781184,'2020-10-04 15:56:25.221000',677258679900176384,_binary '\0',NULL,NULL,NULL,762267086364868608,759054974880579584,_binary ''),(762342372443947008,'2020-10-04 15:56:25.227000',677258679900176384,_binary '\0',NULL,NULL,NULL,762267786276765696,759054974880579584,_binary ''),(762342372477501440,'2020-10-04 15:56:25.235000',677258679900176384,_binary '\0',NULL,NULL,NULL,762267864001413120,759054974880579584,_binary ''),(762342372506861568,'2020-10-04 15:56:25.242000',677258679900176384,_binary '\0',NULL,NULL,NULL,762267948692799488,759054974880579584,_binary ''),(762342372540416000,'2020-10-04 15:56:25.250000',677258679900176384,_binary '\0',NULL,NULL,NULL,748870809207963658,759054974880579584,_binary ''),(762342372569776128,'2020-10-04 15:56:25.257000',677258679900176384,_binary '\0',NULL,NULL,NULL,762323506833653760,759054974880579584,_binary ''),(762342372607524864,'2020-10-04 15:56:25.266000',677258679900176384,_binary '\0',NULL,NULL,NULL,762323957167685632,759054974880579584,_binary ''),(762342372632690688,'2020-10-04 15:56:25.272000',677258679900176384,_binary '\0',NULL,NULL,NULL,762331663542779904,759054974880579584,_binary ''),(762342372674633728,'2020-10-04 15:56:25.282000',677258679900176384,_binary '\0',NULL,NULL,NULL,762331729519181824,759054974880579584,_binary ''),(762342372708188160,'2020-10-04 15:56:25.290000',677258679900176384,_binary '\0',NULL,NULL,NULL,758777405442621440,759054974880579584,_binary ''),(762342372741742592,'2020-10-04 15:56:25.297000',677258679900176384,_binary '\0',NULL,NULL,NULL,762320094821875712,759054974880579584,_binary ''),(762342372766908416,'2020-10-04 15:56:25.304000',677258679900176384,_binary '\0',NULL,NULL,NULL,762321279301713920,759054974880579584,_binary ''),(762342372800462848,'2020-10-04 15:56:25.312000',677258679900176384,_binary '\0',NULL,NULL,NULL,762321359593275392,759054974880579584,_binary ''),(762342372834017280,'2020-10-04 15:56:25.320000',677258679900176384,_binary '\0',NULL,NULL,NULL,762321433807290368,759054974880579584,_binary ''),(762342372859183104,'2020-10-04 15:56:25.326000',677258679900176384,_binary '\0',NULL,NULL,NULL,762321550052425728,759054974880579584,_binary ''),(762342372880154624,'2020-10-04 15:56:25.331000',677258679900176384,_binary '\0',NULL,NULL,NULL,762321624610373632,759054974880579584,_binary ''),(762342372905320448,'2020-10-04 15:56:25.337000',677258679900176384,_binary '\0',NULL,NULL,NULL,758778081316962304,759054974880579584,_binary ''),(762342372934680576,'2020-10-04 15:56:25.344000',677258679900176384,_binary '\0',NULL,NULL,NULL,762333234221547520,759054974880579584,_binary ''),(762342372968235008,'2020-10-04 15:56:25.352000',677258679900176384,_binary '\0',NULL,NULL,NULL,762333317369430016,759054974880579584,_binary ''),(762342372989206528,'2020-10-04 15:56:25.357000',677258679900176384,_binary '\0',NULL,NULL,NULL,762333385396846592,759054974880579584,_binary ''),(762342373022760960,'2020-10-04 15:56:25.365000',677258679900176384,_binary '\0',NULL,NULL,NULL,762333462710452224,759054974880579584,_binary ''),(762342373052121088,'2020-10-04 15:56:25.371000',677258679900176384,_binary '\0',NULL,NULL,NULL,759716995376611328,759054974880579584,_binary ''),(762342373077286912,'2020-10-04 15:56:25.378000',677258679900176384,_binary '\0',NULL,NULL,NULL,762332260237049856,759054974880579584,_binary ''),(762342373098258432,'2020-10-04 15:56:25.383000',677258679900176384,_binary '\0',NULL,NULL,NULL,762332340763492352,759054974880579584,_binary ''),(762342373119229952,'2020-10-04 15:56:25.388000',677258679900176384,_binary '\0',NULL,NULL,NULL,762332395314610176,759054974880579584,_binary ''),(762342373161172992,'2020-10-04 15:56:25.397000',677258679900176384,_binary '\0',NULL,NULL,NULL,762332448146063360,759054974880579584,_binary ''),(762342373194727424,'2020-10-04 15:56:25.405000',677258679900176384,_binary '\0',NULL,NULL,NULL,762332511794626560,759054974880579584,_binary ''),(762342373597380608,'2020-10-04 15:56:25.501000',677258679900176384,_binary '\0',NULL,NULL,NULL,761533870955823104,759054974880579584,_binary ''),(762342373635129344,'2020-10-04 15:56:25.511000',677258679900176384,_binary '\0',NULL,NULL,NULL,762333869264338944,759054974880579584,_binary ''),(762342373668683776,'2020-10-04 15:56:25.519000',677258679900176384,_binary '\0',NULL,NULL,NULL,762333945156075520,759054974880579584,_binary ''),(762342373693849600,'2020-10-04 15:56:25.525000',677258679900176384,_binary '\0',NULL,NULL,NULL,762334013233823744,759054974880579584,_binary ''),(762342373723209728,'2020-10-04 15:56:25.532000',677258679900176384,_binary '\0',NULL,NULL,NULL,762334102035628032,759054974880579584,_binary ''),(762342391062462464,'2020-10-04 15:56:29.666000',677258679900176384,_binary '\0',NULL,NULL,NULL,748870809207963649,748870809207963609,_binary ''),(762342391091822592,'2020-10-04 15:56:29.673000',677258679900176384,_binary '\0',NULL,NULL,NULL,748870809207963748,748870809207963609,_binary ''),(762342391125377024,'2020-10-04 15:56:29.681000',677258679900176384,_binary '\0',NULL,NULL,NULL,762267086364868608,748870809207963609,_binary ''),(762342391163125760,'2020-10-04 15:56:29.690000',677258679900176384,_binary '\0',NULL,NULL,NULL,762267786276765696,748870809207963609,_binary ''),(762342391213457408,'2020-10-04 15:56:29.702000',677258679900176384,_binary '\0',NULL,NULL,NULL,762267864001413120,748870809207963609,_binary ''),(762342391267983360,'2020-10-04 15:56:29.715000',677258679900176384,_binary '\0',NULL,NULL,NULL,762267948692799488,748870809207963609,_binary ''),(762342391305732096,'2020-10-04 15:56:29.724000',677258679900176384,_binary '\0',NULL,NULL,NULL,748870809207963658,748870809207963609,_binary ''),(762342391343480832,'2020-10-04 15:56:29.732000',677258679900176384,_binary '\0',NULL,NULL,NULL,762323506833653760,748870809207963609,_binary ''),(762342391368646656,'2020-10-04 15:56:29.739000',677258679900176384,_binary '\0',NULL,NULL,NULL,762323957167685632,748870809207963609,_binary ''),(762342391410589696,'2020-10-04 15:56:29.748000',677258679900176384,_binary '\0',NULL,NULL,NULL,762331663542779904,748870809207963609,_binary ''),(762342391439949824,'2020-10-04 15:56:29.756000',677258679900176384,_binary '\0',NULL,NULL,NULL,762331729519181824,748870809207963609,_binary ''),(762342391473504256,'2020-10-04 15:56:29.764000',677258679900176384,_binary '\0',NULL,NULL,NULL,758777405442621440,748870809207963609,_binary ''),(762342391498670080,'2020-10-04 15:56:29.770000',677258679900176384,_binary '\0',NULL,NULL,NULL,762320094821875712,748870809207963609,_binary ''),(762342391523835904,'2020-10-04 15:56:29.776000',677258679900176384,_binary '\0',NULL,NULL,NULL,762321279301713920,748870809207963609,_binary ''),(762342391549001728,'2020-10-04 15:56:29.782000',677258679900176384,_binary '\0',NULL,NULL,NULL,762321359593275392,748870809207963609,_binary ''),(762342391565778944,'2020-10-04 15:56:29.786000',677258679900176384,_binary '\0',NULL,NULL,NULL,762321433807290368,748870809207963609,_binary ''),(762342391595139072,'2020-10-04 15:56:29.793000',677258679900176384,_binary '\0',NULL,NULL,NULL,762321550052425728,748870809207963609,_binary ''),(762342391632887808,'2020-10-04 15:56:29.802000',677258679900176384,_binary '\0',NULL,NULL,NULL,762321624610373632,748870809207963609,_binary ''),(762342391662247936,'2020-10-04 15:56:29.809000',677258679900176384,_binary '\0',NULL,NULL,NULL,758778081316962304,748870809207963609,_binary ''),(762342391687413760,'2020-10-04 15:56:29.815000',677258679900176384,_binary '\0',NULL,NULL,NULL,762333234221547520,748870809207963609,_binary ''),(762342391708385280,'2020-10-04 15:56:29.820000',677258679900176384,_binary '\0',NULL,NULL,NULL,762333317369430016,748870809207963609,_binary ''),(762342391741939712,'2020-10-04 15:56:29.828000',677258679900176384,_binary '\0',NULL,NULL,NULL,762333385396846592,748870809207963609,_binary ''),(762342391825825792,'2020-10-04 15:56:29.848000',677258679900176384,_binary '\0',NULL,NULL,NULL,762333462710452224,748870809207963609,_binary ''),(762342391846797312,'2020-10-04 15:56:29.853000',677258679900176384,_binary '\0',NULL,NULL,NULL,759716995376611328,748870809207963609,_binary ''),(762342391863574528,'2020-10-04 15:56:29.857000',677258679900176384,_binary '\0',NULL,NULL,NULL,762332260237049856,748870809207963609,_binary ''),(762342391892934656,'2020-10-04 15:56:29.864000',677258679900176384,_binary '\0',NULL,NULL,NULL,762332340763492352,748870809207963609,_binary ''),(762342391922294784,'2020-10-04 15:56:29.870000',677258679900176384,_binary '\0',NULL,NULL,NULL,762332395314610176,748870809207963609,_binary ''),(762342391947460608,'2020-10-04 15:56:29.877000',677258679900176384,_binary '\0',NULL,NULL,NULL,762332448146063360,748870809207963609,_binary ''),(762342391976820736,'2020-10-04 15:56:29.884000',677258679900176384,_binary '\0',NULL,NULL,NULL,762332511794626560,748870809207963609,_binary ''),(762342392006180864,'2020-10-04 15:56:29.890000',677258679900176384,_binary '\0',NULL,NULL,NULL,761533870955823104,748870809207963609,_binary ''),(762342392031346688,'2020-10-04 15:56:29.897000',677258679900176384,_binary '\0',NULL,NULL,NULL,762333869264338944,748870809207963609,_binary ''),(762342392064901120,'2020-10-04 15:56:29.905000',677258679900176384,_binary '\0',NULL,NULL,NULL,762333945156075520,748870809207963609,_binary ''),(762342392094261248,'2020-10-04 15:56:29.912000',677258679900176384,_binary '\0',NULL,NULL,NULL,762334013233823744,748870809207963609,_binary ''),(762342392119427072,'2020-10-04 15:56:29.918000',677258679900176384,_binary '\0',NULL,NULL,NULL,762334102035628032,748870809207963609,_binary '');
/*!40000 ALTER TABLE `t_upms_role_resources` ENABLE KEYS */;
UNLOCK TABLES;

--
-- Dumping data for table `t_upms_role_user`
--

LOCK TABLES `t_upms_role_user` WRITE;
/*!40000 ALTER TABLE `t_upms_role_user` DISABLE KEYS */;
INSERT INTO `t_upms_role_user` VALUES (762342568271806464,'2020-10-04 15:57:11.916000',677258679900176384,NULL,NULL,748870809207963609,677258679900176384,_binary '',NULL),(762342626874621952,'2020-10-04 15:57:25.888000',677258679900176384,NULL,NULL,759054974880579584,677258679359111168,_binary '',NULL);
/*!40000 ALTER TABLE `t_upms_role_user` ENABLE KEYS */;
UNLOCK TABLES;

--
-- Dumping data for table `t_upms_user`
--

LOCK TABLES `t_upms_user` WRITE;
/*!40000 ALTER TABLE `t_upms_user` DISABLE KEYS */;
INSERT INTO `t_upms_user` VALUES (677258679359111168,NULL,NULL,'2020-10-04 15:29:05.538000',677258679900176384,_binary '',_binary '',_binary '',_binary '','{bcrypt}$2a$10$0PMv9mdeordjrm2sEqzUf.u.34qsJ10J5DzqXY98ULXU76TTz535q','lion-scaffold-upms-user-console-restful','console','superadmin',34,NULL,'superadmin@qq.com','superadmin',_binary '',2,_binary '',_binary '',_binary '',_binary ''),(677258679900176384,NULL,NULL,'2020-10-04 15:28:52.739000',677258679900176384,_binary '',_binary '',_binary '',_binary '','{bcrypt}$2a$10$2QEhDmOIoloT0xTXB4Z7feXUKvFx9G5IM3LCP4o1wZun/nt3Gm.fO','lion-scaffold-upms-user-console-restful','console','admin',35,NULL,'admin@qq.com','admin',_binary '',2,_binary '',_binary '',_binary '',_binary '');
/*!40000 ALTER TABLE `t_upms_user` ENABLE KEYS */;
UNLOCK TABLES;
/*!40103 SET TIME_ZONE=@OLD_TIME_ZONE */;

/*!40101 SET SQL_MODE=@OLD_SQL_MODE */;
/*!40014 SET FOREIGN_KEY_CHECKS=@OLD_FOREIGN_KEY_CHECKS */;
/*!40014 SET UNIQUE_CHECKS=@OLD_UNIQUE_CHECKS */;
/*!40101 SET CHARACTER_SET_CLIENT=@OLD_CHARACTER_SET_CLIENT */;
/*!40101 SET CHARACTER_SET_RESULTS=@OLD_CHARACTER_SET_RESULTS */;
/*!40101 SET COLLATION_CONNECTION=@OLD_COLLATION_CONNECTION */;
/*!40111 SET SQL_NOTES=@OLD_SQL_NOTES */;

-- Dump completed on 2020-10-04 15:59:18
